thermal_event_id,thermal_event_px_id,thermal_event_id,date,world_x,world_y,pixel_x,pixel_y,value,goesr_raster_block_id
34,6752,34,2021-08-19 20:00:32,3246,717,82,60,1537,2
35,6756,35,2021-08-19 20:00:32,3269,735,105,78,904,2
36,6757,36,2021-08-19 20:00:32,3303,723,139,66,706,2
37,6758,37,2021-08-19 20:00:32,3353,763,189,106,805,2
38,6759,38,2021-08-19 20:00:32,3359,773,195,116,796,2
39,6763,39,2021-08-19 20:00:32,3389,823,225,166,922,2
40,6774,40,2021-08-19 20:00:32,3494,944,330,34,1481,3
41,7048,41,2021-08-19 20:40:32,3329,764,165,107,705,2
42,7121,42,2021-08-19 20:50:32,3383,829,219,172,1202,2
43,7372,43,2021-08-19 21:40:32,3275,761,111,104,1249,2
44,7594,44,2021-08-19 22:30:32,3251,726,87,69,802,2
45,8263,45,2021-08-20 00:56:17,3257,733,129,98,953,1
46,8973,46,2021-08-20 03:21:17,3259,744,131,109,2032,1
47,9757,47,2021-08-20 04:50:31,3488,919,324,9,2941,3
48,10372,48,2021-08-20 05:40:31,3368,770,204,113,5674,2
49,11236,49,2021-08-20 06:40:31,3251,665,87,8,1374,2
50,11683,50,2021-08-20 07:10:31,3248,746,84,89,1305,2
51,15441,51,2021-08-20 20:46:17,3331,757,203,122,3129,1
52,15499,52,2021-08-20 20:51:17,3341,695,213,60,1450,1
53,18247,53,2021-08-21 00:30:31,3347,773,183,116,3153,2
54,19144,54,2021-08-21 01:30:31,3267,750,103,93,1249,2
55,34183,55,2021-08-23 21:51:17,3674,1074,129,187,2460,5
56,38468,56,2021-08-24 20:40:32,3452,723,288,66,2015,2
57,38846,57,2021-08-24 21:26:17,3668,1075,123,188,3102,5
58,38983,58,2021-08-24 21:40:31,3597,1037,433,127,2133,3
59,46635,59,2021-08-25 21:10:31,3557,1006,393,96,4029,3
60,47124,60,2021-08-25 21:40:31,3569,884,405,227,4511,2
61,47411,61,2021-08-25 21:56:17,3393,849,265,214,1872,1
62,48207,62,2021-08-25 22:40:31,3358,805,194,148,2010,2
63,53277,63,2021-08-26 18:06:17,3647,1048,102,161,2621,5
64,53773,64,2021-08-26 20:06:17,3571,1038,26,151,1810,5
65,54475,65,2021-08-26 21:30:31,3616,1103,452,193,3202,3
66,59814,66,2021-08-27 21:41:17,3254,652,126,17,1443,1
67,74688,67,2021-08-29 21:26:17,3240,740,112,105,1102,1
68,75457,68,2021-08-29 22:01:17,3673,888,128,1,1887,5
69,76300,69,2021-08-29 22:36:17,3634,1128,89,241,2455,5
70,78838,70,2021-08-30 00:06:17,3259,636,131,1,1097,1
71,89154,71,2021-08-30 18:30:32,3316,708,152,51,1825,2
72,90087,72,2021-08-30 19:31:17,3651,1054,106,167,2242,5
73,133223,73,2021-09-03 02:00:31,3421,974,257,64,2681,3
74,140040,74,2021-09-04 22:26:17,3295,651,167,16,2768,1
75,140856,75,2021-09-05 00:16:17,3674,1087,129,200,2474,5
76,142731,76,2021-09-05 18:00:32,3320,848,156,191,663,2
77,142975,77,2021-09-05 18:30:32,3603,1094,439,184,758,3
78,143039,78,2021-09-05 18:40:32,3189,675,25,18,467,2
79,143074,79,2021-09-05 18:41:17,3138,752,10,117,504,1
80,143075,80,2021-09-05 18:41:17,3147,776,19,141,526,1
81,143111,81,2021-09-05 18:41:17,3922,1002,377,115,920,5
82,143113,82,2021-09-05 18:46:17,3135,867,7,232,628,1
83,143208,83,2021-09-05 18:51:17,3133,841,5,206,603,1
84,143209,84,2021-09-05 18:51:17,3133,847,5,212,630,1
85,144027,85,2021-09-05 19:56:17,3521,649,393,14,1152,1
86,144164,86,2021-09-05 20:06:17,3614,1076,69,189,2241,5
87,144749,87,2021-09-05 20:36:17,3361,816,233,181,1535,1
88,144893,88,2021-09-05 20:41:17,3298,719,170,84,1593,1
89,145394,89,2021-09-05 21:01:17,3129,875,1,240,763,1
90,146655,90,2021-09-05 21:31:17,3950,936,405,49,1139,5
91,148613,91,2021-09-05 23:10:31,3580,1040,416,130,2209,3
92,152739,92,2021-09-06 16:56:17,3307,719,179,84,866,1
93,154695,93,2021-09-06 21:46:17,3328,680,200,45,1422,1
94,154858,94,2021-09-06 22:00:31,3443,983,279,73,2213,3
95,161135,95,2021-09-07 21:30:30,3341,694,177,37,1263,2
96,161138,96,2021-09-07 21:30:30,3351,765,187,108,1578,2
97,161457,97,2021-09-07 21:41:16,3424,851,296,216,1516,1
98,175786,98,2021-09-08 09:21:19,3129,918,1,31,8191,4
99,182490,99,2021-09-08 09:21:19,3546,918,1,31,8191,5
100,206596,100,2021-09-09 09:26:17,3358,673,230,38,8191,1
101,206597,101,2021-09-09 09:26:17,3358,808,230,173,8191,1
102,206599,102,2021-09-09 09:26:17,3358,855,230,220,8191,1
103,206669,103,2021-09-09 09:26:17,3360,729,232,94,8191,1
104,206670,104,2021-09-09 09:26:17,3360,750,232,115,8191,1
105,206681,105,2021-09-09 09:26:17,3360,793,232,158,8191,1
106,206755,106,2021-09-09 09:26:17,3361,666,233,31,8191,1
107,224071,107,2021-09-09 09:26:17,3439,636,311,1,8191,1
108,243241,108,2021-09-09 09:26:17,3353,927,225,40,8191,4
109,243244,109,2021-09-09 09:26:17,3353,1062,225,175,8191,4
110,243246,110,2021-09-09 09:26:17,3353,1109,225,222,8191,4
111,243279,111,2021-09-09 09:26:17,3354,983,226,96,8191,4
112,243280,112,2021-09-09 09:26:17,3354,1008,226,121,8191,4
113,243281,113,2021-09-09 09:26:17,3354,1031,226,144,8191,4
114,243282,114,2021-09-09 09:26:17,3354,1038,226,151,8191,4
115,243283,115,2021-09-09 09:26:17,3354,1047,226,160,8191,4
116,243286,116,2021-09-09 09:26:17,3354,1071,226,184,8191,4
117,243287,117,2021-09-09 09:26:17,3354,1079,226,192,8191,4
118,243290,118,2021-09-09 09:26:17,3354,1088,226,201,8191,4
119,243292,119,2021-09-09 09:26:17,3354,1096,226,209,8191,4
120,243328,120,2021-09-09 09:26:17,3355,920,227,33,8191,4
121,244250,121,2021-09-09 09:26:17,3359,912,231,25,8191,4
122,261773,122,2021-09-10 02:36:17,3488,929,360,42,1580,4
123,263164,123,2021-09-10 04:21:17,3363,647,235,12,1285,1
124,290309,124,2021-09-10 19:11:17,3678,1078,133,191,2288,5
125,290347,125,2021-09-10 21:20:31,3475,909,311,252,1193,2
126,292184,126,2021-09-11 20:01:17,3634,1128,89,241,1949,5
127,292201,127,2021-09-11 21:01:17,3628,1120,83,233,1740,5
128,292342,128,2021-09-11 23:30:31,3501,989,337,79,2363,3
129,292646,129,2021-09-12 09:26:17,3516,997,388,110,8191,4
130,292647,130,2021-09-12 09:26:17,3516,1062,388,175,8191,4
131,292649,131,2021-09-12 09:26:17,3516,1109,388,222,8191,4
132,292716,132,2021-09-12 09:26:17,3518,983,390,96,8191,4
133,292718,133,2021-09-12 09:26:17,3518,1004,390,117,8191,4
134,292723,134,2021-09-12 09:26:17,3518,1031,390,144,8191,4
135,292728,135,2021-09-12 09:26:17,3518,1047,390,160,8191,4
136,292733,136,2021-09-12 09:26:17,3518,1071,390,184,8191,4
137,292734,137,2021-09-12 09:26:17,3518,1079,390,192,8191,4
138,292737,138,2021-09-12 09:26:17,3518,1088,390,201,8191,4
139,292739,139,2021-09-12 09:26:17,3518,1096,390,209,8191,4
140,292775,140,2021-09-12 09:26:17,3519,918,391,31,8191,4
141,292909,141,2021-09-12 18:56:17,3782,1117,237,230,2410,5
142,292939,142,2021-09-12 20:01:17,3657,1078,112,191,2196,5
143,292971,143,2021-09-12 20:26:17,3149,762,21,127,834,1
144,293044,144,2021-09-12 20:51:17,3149,788,21,153,793,1
145,293089,145,2021-09-12 21:06:17,3729,1117,184,230,1621,5
146,293129,146,2021-09-12 21:26:17,3668,1075,123,188,2246,5
147,293156,147,2021-09-12 21:40:31,3273,802,109,145,1725,2
148,293161,148,2021-09-12 22:01:17,3154,798,26,163,783,1
149,293459,149,2021-09-13 07:10:31,3338,810,174,153,782,2
150,293545,150,2021-09-13 09:26:17,3604,1062,59,175,8191,5
151,293547,151,2021-09-13 09:26:17,3604,1109,59,222,8191,5
152,293579,152,2021-09-13 09:26:17,3605,927,60,40,8191,5
153,293580,153,2021-09-13 09:26:17,3605,997,60,110,8191,5
154,293616,154,2021-09-13 09:26:17,3606,983,61,96,8191,5
155,293618,155,2021-09-13 09:26:17,3606,1004,61,117,8191,5
156,293623,156,2021-09-13 09:26:17,3606,1031,61,144,8191,5
157,293628,157,2021-09-13 09:26:17,3606,1047,61,160,8191,5
158,293637,158,2021-09-13 09:26:17,3606,1089,61,202,8191,5
159,293638,159,2021-09-13 09:26:17,3606,1096,61,209,8191,5
160,293849,160,2021-09-13 19:40:32,3487,1015,323,105,866,3
161,293870,161,2021-09-13 19:46:17,3499,1012,371,125,852,4
162,293871,162,2021-09-13 19:46:17,3512,1014,384,127,834,4
163,293880,163,2021-09-13 20:10:32,3464,1000,300,90,862,3
164,294570,164,2021-09-14 19:50:32,3244,892,80,235,804,2
165,294578,165,2021-09-14 20:20:32,3215,910,51,253,845,2
166,294608,166,2021-09-14 20:20:32,3234,901,70,244,825,2
167,294614,167,2021-09-14 20:20:32,3236,890,72,233,813,2
168,294968,168,2021-09-15 11:40:32,3178,806,14,149,866,2
169,295200,169,2021-09-15 20:10:32,3244,1008,80,98,862,3
170,295201,170,2021-09-15 20:10:32,3245,997,81,87,858,3
171,295208,171,2021-09-15 20:10:32,3248,988,84,78,848,3
172,295255,172,2021-09-15 20:10:32,3252,1026,88,116,880,3
173,295258,173,2021-09-15 20:10:32,3253,1019,89,109,892,3
174,295295,174,2021-09-15 20:10:32,3256,969,92,59,822,3
175,295415,175,2021-09-15 20:10:32,3259,1064,95,154,897,3
176,295458,176,2021-09-15 20:10:32,3260,1045,96,135,885,3
177,295771,177,2021-09-16 20:01:17,3341,690,213,55,1412,1
178,295783,178,2021-09-16 20:20:32,3426,990,262,80,829,3
179,295789,179,2021-09-16 20:20:32,3490,1048,326,138,912,3
180,295795,180,2021-09-16 20:20:32,3507,1037,343,127,915,3
181,295796,181,2021-09-16 20:20:32,3527,1061,363,151,922,3
182,295797,182,2021-09-16 20:20:32,3527,1067,363,157,942,3
183,295807,183,2021-09-16 20:20:32,3537,1061,373,151,918,3
184,296340,184,2021-09-17 20:20:32,3185,726,21,69,727,2
185,296345,185,2021-09-17 20:20:32,3240,799,76,142,785,2
186,296361,186,2021-09-17 20:20:32,3249,663,85,6,1055,2
187,297894,187,2021-09-20 19:46:17,3609,1121,64,234,882,5
188,297951,188,2021-09-20 20:10:32,3592,1104,428,194,893,3
189,297962,189,2021-09-20 20:10:32,3594,1120,430,210,879,3
190,298151,190,2021-09-21 06:01:17,3400,824,272,189,998,1
191,298446,191,2021-09-21 20:10:32,3174,910,10,253,785,2
192,298447,192,2021-09-21 20:10:32,3175,904,11,247,786,2
193,298475,193,2021-09-21 20:10:32,3178,888,14,231,798,2
194,298536,194,2021-09-21 20:10:32,3314,792,150,135,1629,2
195,298575,195,2021-09-23 17:00:32,3294,748,130,91,3979,2
196,299389,196,2021-09-23 20:10:32,3165,890,1,233,790,2
197,299391,197,2021-09-23 20:10:32,3167,870,3,213,785,2
198,299398,198,2021-09-23 20:10:32,3173,858,9,201,784,2
199,299402,199,2021-09-23 20:10:32,3175,848,11,191,781,2
200,299976,200,2021-09-24 19:20:32,3256,735,92,78,1204,2
201,299984,201,2021-09-24 20:10:32,3165,805,1,148,794,2
202,300505,202,2021-09-25 18:01:17,3508,681,380,46,868,1
203,300512,203,2021-09-25 18:01:17,3533,671,405,36,773,1
204,300513,204,2021-09-25 18:01:17,3533,678,405,43,846,1
205,300546,205,2021-09-25 19:16:17,3240,653,112,18,871,1
206,300561,206,2021-09-25 19:16:17,3257,746,129,111,942,1
207,300562,207,2021-09-25 19:16:17,3257,775,129,140,947,1
208,300563,208,2021-09-25 19:16:17,3258,683,130,48,918,1
209,300570,209,2021-09-25 19:16:17,3266,717,138,82,877,1
210,300571,210,2021-09-25 19:16:17,3266,782,138,147,984,1
211,300579,211,2021-09-25 19:16:17,3269,707,141,72,862,1
212,300603,212,2021-09-25 19:16:17,3272,787,144,152,980,1
213,300712,213,2021-09-25 19:16:17,3284,646,156,11,815,1
214,300808,214,2021-09-25 19:16:17,3296,697,168,62,881,1
215,300888,215,2021-09-25 19:16:17,3302,638,174,3,914,1
216,300901,216,2021-09-25 19:16:17,3302,785,174,150,1226,1
217,300930,217,2021-09-25 19:16:17,3304,685,176,50,848,1
218,300983,218,2021-09-25 19:16:17,3306,655,178,20,819,1
219,301009,219,2021-09-25 19:16:17,3307,666,179,31,899,1
220,301469,220,2021-09-26 19:10:32,3478,926,314,16,1042,3
221,301482,221,2021-09-26 20:00:32,3220,772,56,115,757,2
222,301496,222,2021-09-26 20:00:32,3249,832,85,175,797,2
223,301499,223,2021-09-26 20:00:32,3271,848,107,191,845,2
224,301501,224,2021-09-26 20:00:32,3272,842,108,185,814,2
225,301502,225,2021-09-26 20:00:32,3273,832,109,175,846,2
226,301605,226,2021-09-26 20:00:32,3290,841,126,184,870,2
227,301632,227,2021-09-26 20:00:32,3333,804,169,147,1336,2
228,301638,228,2021-09-26 20:00:32,3481,665,317,8,1347,2
229,301847,229,2021-09-27 17:26:17,3686,922,141,35,805,5
230,301859,230,2021-09-27 17:41:17,3669,931,124,44,974,5
231,301874,231,2021-09-27 17:46:17,3656,922,111,35,913,5
232,301875,232,2021-09-27 17:46:17,3664,925,119,38,974,5
233,301933,233,2021-09-27 17:56:17,3663,933,118,46,1012,5
234,302029,234,2021-09-27 19:01:17,3330,829,202,194,1132,1
235,302453,235,2021-09-28 19:46:17,3591,1083,46,196,813,5
236,302454,236,2021-09-28 19:46:17,3656,947,111,60,1173,5
237,302459,237,2021-09-28 19:51:17,3572,1053,27,166,817,5
238,302474,238,2021-09-28 19:56:17,3587,1074,42,187,824,5
239,302519,239,2021-09-28 20:01:17,3514,1014,386,127,837,4
240,302538,240,2021-09-28 20:06:17,3543,1034,415,147,843,4
241,302567,241,2021-09-28 20:06:17,3632,1140,87,253,834,5
242,302572,242,2021-09-28 20:10:32,3561,1046,397,136,842,3
243,302599,243,2021-09-28 20:10:32,3589,1098,425,188,897,3
244,302643,244,2021-09-28 20:10:32,3599,1099,435,189,823,3
245,302717,245,2021-09-28 20:16:17,3521,1034,393,147,859,4
246,302816,246,2021-09-28 20:16:17,3617,1133,72,246,882,5
247,302823,247,2021-09-28 20:16:17,3659,967,114,80,1229,5
248,302826,248,2021-09-28 20:20:32,3579,1067,415,157,819,3
249,302854,249,2021-09-28 21:26:17,3606,914,61,27,1111,5
250,302855,250,2021-09-28 21:26:17,3625,923,80,36,962,5
251,302910,251,2021-09-28 21:26:17,3687,931,142,44,759,5
252,302947,252,2021-09-28 21:26:17,3697,948,152,61,950,5
253,303013,253,2021-09-28 21:26:17,3782,898,237,11,1191,5
254,303014,254,2021-09-28 21:26:17,3794,901,249,14,1159,5
255,303015,255,2021-09-28 21:26:17,3833,927,288,40,910,5
256,303063,256,2021-09-29 20:46:17,3572,936,27,49,1270,5
257,303071,257,2021-09-29 20:51:17,3339,685,211,50,978,1
258,303073,258,2021-09-29 20:56:17,3301,756,173,121,1186,1
259,303079,259,2021-09-29 20:56:17,3323,808,195,173,1242,1
260,303083,260,2021-09-29 20:56:17,3342,772,214,137,1115,1
261,303085,261,2021-09-29 20:56:17,3352,769,224,134,1080,1
262,303087,262,2021-09-29 20:56:17,3371,657,243,22,1038,1
263,303093,263,2021-09-29 21:06:17,3408,923,280,36,1170,4
264,303113,264,2021-09-29 22:01:17,3255,690,127,55,785,1
265,303116,265,2021-09-29 22:01:17,3345,649,217,14,828,1
266,303118,266,2021-09-29 22:01:17,3417,638,289,3,888,1
267,303155,267,2021-09-30 22:00:31,3174,669,10,12,738,2
268,303167,268,2021-09-30 22:00:31,3526,1018,362,108,2063,3
269,303169,269,2021-09-30 22:00:31,3615,1075,451,165,2145,3
270,303474,270,2021-10-03 00:01:17,3617,1099,72,212,1394,5
271,303477,271,2021-10-03 00:01:17,3745,938,200,51,707,5
272,303482,272,2021-10-03 00:01:17,3748,981,203,94,540,5
273,303525,273,2021-10-03 21:00:31,3328,880,164,223,1045,2
274,303526,274,2021-10-03 21:00:31,3354,904,190,247,1076,2
275,303531,275,2021-10-03 21:00:31,3442,750,278,93,1429,2
276,303540,276,2021-10-03 21:00:31,3457,742,293,85,1419,2
277,303541,277,2021-10-03 21:00:31,3461,785,297,128,1182,2
278,303554,278,2021-10-03 21:00:31,3471,794,307,137,1270,2
279,303653,279,2021-10-04 20:01:17,3223,849,95,214,765,1
280,303655,280,2021-10-04 20:01:17,3223,857,95,222,769,1
281,303656,281,2021-10-04 20:01:17,3134,975,6,88,820,4
282,303670,282,2021-10-04 20:01:17,3137,1083,9,196,859,4
283,303677,283,2021-10-04 20:01:17,3142,937,14,50,804,4
284,304073,284,2021-10-06 02:01:17,3680,1055,135,168,1813,5
285,304193,285,2021-10-06 19:31:17,3315,651,187,16,1211,1
286,304199,286,2021-10-06 19:36:17,3411,965,283,78,724,4
287,304202,287,2021-10-06 19:36:17,3426,992,298,105,757,4
288,304206,288,2021-10-06 19:36:17,3432,1003,304,116,756,4
289,304233,289,2021-10-07 19:50:32,3410,1012,246,102,798,3
290,304235,290,2021-10-07 19:51:17,3757,975,212,88,1010,5
291,304242,291,2021-10-07 20:00:32,3333,954,169,44,736,3
292,304288,292,2021-10-07 20:06:17,3411,983,283,96,776,4
293,304292,293,2021-10-07 20:10:32,3342,1105,178,195,854,3
294,304441,294,2021-10-08 18:51:17,3245,657,117,22,887,1
295,304454,295,2021-10-08 20:06:17,3186,780,58,145,733,1
296,304456,296,2021-10-08 20:06:17,3327,794,199,159,2090,1
297,304458,297,2021-10-08 20:10:32,3327,814,163,157,2031,2
298,304463,298,2021-10-08 20:26:17,3841,1069,296,182,1239,5
299,304466,299,2021-10-08 20:31:17,3923,1116,378,229,1181,5
300,304468,300,2021-10-08 20:36:17,3916,1103,371,216,1242,5
301,304480,301,2021-10-08 20:51:17,3819,1058,274,171,1192,5
302,304497,302,2021-10-08 21:16:17,3379,643,251,8,987,1
303,304498,303,2021-10-08 21:16:17,3818,1080,273,193,1327,5
304,304499,304,2021-10-08 21:16:17,3833,1060,288,173,1159,5
305,304501,305,2021-10-09 18:01:17,3648,1073,103,186,3290,5
306,304502,306,2021-10-09 20:01:17,3390,638,262,3,891,1
307,304537,307,2021-10-09 21:11:17,3316,806,188,171,2364,1
308,304543,308,2021-10-09 21:11:17,3892,1074,347,187,1200,5
309,304612,309,2021-10-10 17:00:32,3270,735,106,78,1023,2
310,304663,310,2021-10-10 20:40:32,3339,804,175,147,1522,2
311,304675,311,2021-10-10 21:10:31,3448,1013,284,103,1100,3
312,304680,312,2021-10-10 21:10:31,3496,988,332,78,1169,3
313,304681,313,2021-10-10 21:10:31,3505,980,341,70,1275,3
314,304792,314,2021-10-11 20:10:32,3580,1076,416,166,804,3
315,304806,315,2021-10-11 20:51:17,3675,1081,130,194,2033,5
316,304807,316,2021-10-11 21:10:31,3442,989,278,79,1085,3
317,304809,317,2021-10-11 21:11:17,3363,832,235,197,1189,1
318,304827,318,2021-10-11 21:41:17,3418,891,290,4,1246,4
319,305052,319,2021-10-12 22:06:17,3441,921,313,34,1574,4
320,305160,320,2021-10-14 22:00:31,3506,1108,342,198,738,3
321,305161,321,2021-10-14 22:01:17,3513,1106,385,219,735,4
322,305162,322,2021-10-14 22:46:17,3309,653,181,18,1167,1
323,305168,323,2021-10-15 16:50:32,3612,1091,448,181,1346,3
324,305214,324,2021-10-15 18:10:32,3593,1080,429,170,1777,3
325,305274,325,2021-10-15 19:56:17,3314,795,186,160,1489,1
326,305283,326,2021-10-15 20:01:17,3342,831,214,196,1247,1
327,305305,327,2021-10-15 20:26:17,3396,948,268,61,1163,4
328,305309,328,2021-10-15 20:30:32,3229,731,65,74,976,2
329,305347,329,2021-10-16 19:21:17,3643,1125,98,238,2416,5
330,305353,330,2021-10-16 20:21:17,3336,819,208,184,1475,1
331,305366,331,2021-10-16 20:31:17,3480,914,352,27,1110,4
332,305388,332,2021-10-16 20:41:17,3480,726,352,91,998,1
333,305457,333,2021-10-17 19:40:32,3306,1109,142,199,825,3
334,305462,334,2021-10-17 19:40:32,3320,1100,156,190,819,3
335,305463,335,2021-10-17 19:40:32,3329,1095,165,185,808,3
336,305465,336,2021-10-17 19:40:32,3377,1160,213,250,807,3
337,305489,337,2021-10-17 19:41:17,3335,1087,207,200,813,4
338,305491,338,2021-10-17 19:46:17,3265,990,137,103,785,4
339,305559,339,2021-10-18 21:26:17,3941,958,396,71,904,5
340,305591,340,2021-10-19 16:46:17,3800,997,255,110,803,5
341,305602,341,2021-10-19 17:16:17,3814,1013,269,126,854,5
342,305637,342,2021-10-19 18:36:17,3451,886,323,251,965,1
343,305641,343,2021-10-19 18:46:17,3380,643,252,8,897,1
344,305686,344,2021-10-20 19:56:17,3481,641,353,6,666,1
345,305687,345,2021-10-20 19:56:17,3516,641,388,6,653,1
346,305689,346,2021-10-20 20:01:17,3252,1016,124,129,782,4
347,305690,347,2021-10-20 20:06:17,3152,832,24,197,731,1
348,305693,348,2021-10-20 20:21:17,3693,1074,148,187,1399,5
349,305724,349,2021-10-21 17:26:17,3195,660,67,25,774,1
350,305744,350,2021-10-21 18:51:17,3195,667,67,32,754,1
351,305747,351,2021-10-21 19:46:17,3294,923,166,36,750,4
352,305748,352,2021-10-21 19:46:17,3304,939,176,52,736,4
353,305751,353,2021-10-21 23:16:17,3476,686,348,51,1129,1
354,305752,354,2021-10-21 23:31:17,3947,928,402,41,882,5
355,305811,355,2021-10-24 03:31:17,3467,948,339,61,833,4
356,305812,356,2021-10-24 18:41:17,3839,1017,294,130,961,5
357,305817,357,2021-10-25 15:56:17,3227,637,99,2,608,1
358,305818,358,2021-10-25 16:16:17,3203,683,75,48,711,1
359,305822,359,2021-10-25 16:41:17,3246,641,118,6,678,1
360,305827,360,2021-10-26 01:11:17,3212,637,84,2,644,1
361,305830,361,2021-10-26 20:11:17,3657,1068,112,181,3687,5
362,305838,362,2021-10-27 16:00:32,3218,668,54,11,654,2
363,305849,363,2021-10-27 18:26:17,3223,656,95,21,791,1
364,305850,364,2021-10-27 18:31:17,3221,647,93,12,720,1
365,305855,365,2021-10-27 19:26:17,3862,1024,317,137,859,5
366,305861,366,2021-10-27 20:00:32,3262,684,98,27,965,2
367,305872,367,2021-10-27 20:50:31,3338,889,174,232,1064,2
368,305875,368,2021-10-27 20:56:17,3412,844,284,209,810,1
369,305933,369,2021-10-27 23:31:17,3872,1045,327,158,1109,5
370,306147,370,2021-10-28 18:20:32,3284,776,120,119,660,2
371,306164,371,2021-10-28 19:56:17,3344,1131,216,244,812,4
372,306165,372,2021-10-28 20:00:32,3338,1162,174,252,836,3
373,306180,373,2021-10-28 20:00:32,3347,1146,183,236,825,3
374,306192,374,2021-10-28 20:00:32,3353,1111,189,201,807,3
375,306194,375,2021-10-28 20:06:17,3649,1070,104,183,1782,5
376,306198,376,2021-10-28 20:06:17,3337,1140,209,253,828,4
377,306204,377,2021-10-28 20:10:32,3327,1148,163,238,835,3
378,306206,378,2021-10-28 20:10:32,3327,1157,163,247,844,3
379,306240,379,2021-10-28 20:10:32,3333,1115,169,205,819,3
380,306313,380,2021-10-30 19:36:17,3620,1124,75,237,787,5
381,306366,381,2021-10-30 19:46:17,3159,699,31,64,702,1
382,306368,382,2021-10-30 19:46:17,3598,1095,53,208,784,5
383,306376,383,2021-10-30 19:46:17,3601,1103,56,216,795,5
384,306400,384,2021-10-31 22:01:17,3626,1086,81,199,1585,5
385,306401,385,2021-11-01 19:26:17,3845,1016,300,129,967,5
386,306404,386,2021-11-01 21:01:17,3940,956,395,69,871,5
387,306407,387,2021-11-01 23:20:31,3205,683,41,26,880,2
388,306410,388,2021-11-02 19:56:17,3205,695,77,60,1303,1
389,306417,389,2021-11-02 20:20:32,3516,1019,352,109,756,3
390,306421,390,2021-11-02 21:01:17,3199,688,71,53,975,1
391,306522,391,2021-11-04 20:31:17,3679,1020,134,133,1291,5
392,306523,392,2021-11-04 20:46:17,3904,994,359,107,1085,5
393,306524,393,2021-11-04 20:51:17,3876,1025,331,138,1113,5
394,306554,394,2021-11-05 18:30:32,3347,738,183,81,1156,2
395,306566,395,2021-11-05 18:56:17,3449,886,321,251,813,1
396,306587,396,2021-11-05 19:40:32,3458,1050,294,140,737,3
397,306602,397,2021-11-05 19:46:17,3467,1069,339,182,775,4
398,306671,398,2021-11-05 19:56:17,3448,1035,320,148,758,4
399,306752,399,2021-11-06 19:01:17,3820,1014,275,127,1221,5
400,306807,400,2021-11-06 21:06:17,3216,669,88,34,849,1
401,306959,401,2021-11-07 18:20:32,3330,830,166,173,1134,2
402,306991,402,2021-11-07 20:21:17,3821,1008,276,121,1132,5
403,307008,403,2021-11-08 17:10:32,3376,740,212,83,714,2
404,307009,404,2021-11-08 17:11:17,3352,690,224,55,657,1
405,307024,405,2021-11-08 17:36:17,3374,649,246,14,708,1
406,307070,406,2021-11-08 18:26:17,3315,700,187,65,721,1
407,307083,407,2021-11-08 18:31:17,3764,968,219,81,1191,5
408,307091,408,2021-11-08 18:36:17,3744,943,199,56,897,5
409,307103,409,2021-11-08 18:41:17,3750,1001,205,114,1068,5
410,307349,410,2021-11-08 21:16:17,3652,1064,107,177,1396,5
411,307379,411,2021-11-08 22:30:31,3484,922,320,12,973,3
412,307382,412,2021-11-09 20:11:17,3785,987,240,100,1016,5
413,307385,413,2021-11-09 21:11:17,3648,1056,103,169,1240,5
414,307399,414,2021-11-10 18:26:17,3313,715,185,80,654,1
415,307417,415,2021-11-10 20:51:16,3751,947,206,60,1365,5
416,307463,416,2021-11-11 20:10:32,3396,808,232,151,695,2
417,307469,417,2021-11-11 20:41:17,3238,695,110,60,904,1
418,307471,418,2021-11-11 20:41:17,3828,1012,283,125,1001,5
419,307494,419,2021-11-11 21:36:17,3283,777,155,142,888,1
420,307500,420,2021-11-11 21:40:31,3526,1039,362,129,1367,3
421,307665,421,2021-11-12 16:20:32,3360,695,196,38,589,2
422,307687,422,2021-11-12 18:26:17,3410,962,282,75,902,4
423,307691,423,2021-11-12 18:41:17,3284,674,156,39,8191,1
424,307694,424,2021-11-12 18:41:17,3287,739,159,104,857,1
425,307695,425,2021-11-12 18:41:17,3287,786,159,151,1145,1
426,307696,426,2021-11-12 18:41:17,3291,800,163,165,805,1
427,307738,427,2021-11-12 19:46:17,3645,1048,100,161,1219,5
428,307825,428,2021-11-12 20:51:17,3594,1079,49,192,1322,5
429,308107,429,2021-11-13 20:10:32,3375,1149,211,239,811,3
430,308108,430,2021-11-13 20:10:32,3376,1113,212,203,805,3
431,308175,431,2021-11-13 20:11:17,3384,1129,256,242,805,4
432,308178,432,2021-11-13 20:16:17,3369,1135,241,248,815,4
433,308218,433,2021-11-15 19:46:17,3851,1025,306,138,954,5
434,308220,434,2021-11-15 19:46:17,3855,1017,310,130,1008,5
435,308247,435,2021-11-15 20:10:32,3247,673,83,16,1074,2
436,308248,436,2021-11-15 20:10:32,3420,1025,256,115,763,3
437,308255,437,2021-11-15 20:10:32,3430,1030,266,120,756,3
438,308273,438,2021-11-15 20:16:17,3240,653,112,18,943,1
439,308275,439,2021-11-15 20:16:17,3202,1128,74,241,836,4
440,308279,440,2021-11-15 20:16:17,3412,1076,284,189,805,4
441,308280,441,2021-11-15 20:16:17,3414,1033,286,146,766,4
442,308298,442,2021-11-16 22:00:31,3404,679,240,22,1267,2
443,308309,443,2021-11-16 23:01:17,3195,655,67,20,772,1
444,308310,444,2021-11-17 16:11:17,3194,676,66,41,644,1
445,308347,445,2021-11-17 18:21:17,3756,964,211,77,1012,5
446,308349,446,2021-11-17 18:26:17,3345,687,217,52,823,1
447,308356,447,2021-11-17 18:40:32,3447,888,283,231,1117,2
448,308455,448,2021-11-17 20:41:17,3884,1045,339,158,1254,5
449,308456,449,2021-11-17 20:46:17,3411,855,283,220,1051,1
450,308512,450,2021-11-17 21:31:17,3462,844,334,209,1286,1
451,308620,451,2021-11-18 16:10:32,3217,670,53,13,725,2
452,308649,452,2021-11-18 17:50:32,3364,739,200,82,695,2
453,308691,453,2021-11-18 22:00:31,3443,981,279,71,1714,3
454,308690,454,2021-11-18 22:00:31,3220,660,56,3,776,2
455,308694,455,2021-11-18 22:30:31,3165,658,1,1,8191,2
456,308720,456,2021-11-19 22:56:17,3707,945,162,58,920,5
457,308722,457,2021-11-19 23:30:31,3313,748,149,91,850,2
458,308791,458,2021-11-21 18:26:17,3345,697,217,62,860,1
459,308825,459,2021-11-21 20:06:17,3558,1016,13,129,1562,5
460,308836,460,2021-11-21 20:26:17,3644,1066,99,179,1515,5
461,308847,461,2021-11-22 18:06:17,3361,637,233,2,665,1
462,308850,462,2021-11-22 18:16:17,3404,686,276,51,681,1
463,309036,463,2021-11-22 20:46:17,3848,1022,303,135,1137,5
464,309068,464,2021-11-22 21:16:17,3322,780,194,145,872,1
465,309096,465,2021-11-22 21:30:31,3296,663,132,6,743,2
466,309201,466,2021-11-23 08:50:32,3590,1077,426,167,812,3
467,309203,467,2021-11-23 16:06:17,3497,856,369,221,8191,1
468,309266,468,2021-11-23 16:06:17,3498,673,370,38,8191,1
469,309267,469,2021-11-23 16:06:17,3498,744,370,109,8191,1
470,309268,470,2021-11-23 16:06:17,3498,809,370,174,8191,1
471,309398,471,2021-11-23 16:06:17,3499,754,371,119,8191,1
472,309399,472,2021-11-23 16:06:17,3499,777,371,142,8191,1
473,309401,473,2021-11-23 16:06:17,3499,785,371,150,8191,1
474,309402,474,2021-11-23 16:06:17,3499,794,371,159,8191,1
475,309407,475,2021-11-23 16:06:17,3499,817,371,182,8191,1
476,309409,476,2021-11-23 16:06:17,3499,826,371,191,8191,1
477,309411,477,2021-11-23 16:06:17,3499,835,371,200,8191,1
478,309413,478,2021-11-23 16:06:17,3499,843,371,208,8191,1
479,309420,479,2021-11-25 19:06:17,3592,1062,47,175,1361,5
480,309421,480,2021-11-26 02:51:17,3636,1040,91,153,805,5
481,309506,481,2021-11-26 06:26:17,3622,1099,77,212,805,5
482,309538,482,2021-11-26 19:11:17,3651,1060,106,173,1275,5
483,309673,483,2021-11-27 20:56:17,3676,1080,131,193,1376,5
484,309677,484,2021-11-28 20:20:32,3287,1051,123,141,740,3
485,309703,485,2021-11-29 18:50:32,3329,702,165,45,780,2
486,309757,486,2021-11-29 19:41:17,3309,755,181,120,903,1
487,309795,487,2021-11-29 20:20:32,3314,792,150,135,954,2
488,309801,488,2021-11-29 20:20:32,3590,710,426,53,888,2
489,309831,489,2021-11-29 21:00:31,3277,759,113,102,878,2
490,309952,490,2021-11-30 19:56:17,3725,923,180,36,799,5
491,309974,491,2021-11-30 20:46:17,3404,851,276,216,881,1
492,309975,492,2021-11-30 20:46:17,3653,1137,108,250,1563,5
493,309996,493,2021-11-30 21:21:17,3322,808,194,173,978,1
494,310024,494,2021-11-30 22:20:31,3413,680,249,23,847,2
495,310047,495,2021-12-01 08:36:17,3307,649,179,14,640,1
496,310048,496,2021-12-01 13:26:17,3550,1010,5,123,665,5
497,310053,497,2021-12-01 18:31:17,3818,1016,273,129,821,5
498,310058,498,2021-12-01 19:10:32,3343,715,179,58,830,2
499,310101,499,2021-12-01 20:46:17,3660,1140,115,253,1508,5
500,310130,500,2021-12-01 21:36:17,3478,637,350,2,687,1
501,310144,501,2021-12-01 21:50:31,3462,844,298,187,1232,2
502,310185,502,2021-12-02 17:06:17,3399,644,271,9,671,1
503,310297,503,2021-12-02 19:36:17,3390,835,262,200,820,1
504,310300,504,2021-12-02 19:36:17,3658,1078,113,191,1415,5
505,310306,505,2021-12-02 19:46:17,3438,981,310,94,1357,4
506,310315,506,2021-12-02 19:56:17,3730,913,185,26,786,5
507,310357,507,2021-12-02 20:26:17,3374,645,246,10,763,1
508,310402,508,2021-12-02 22:16:17,3289,639,161,4,754,1
509,310475,509,2021-12-03 19:36:17,3447,887,319,252,1415,1
510,310478,510,2021-12-03 19:41:17,3734,928,189,41,901,5
511,310516,511,2021-12-03 20:31:17,3756,1126,211,239,1967,5
512,310567,512,2021-12-03 21:21:17,3297,648,169,13,705,1
513,310665,513,2021-12-04 18:51:17,3869,1042,324,155,788,5
514,310669,514,2021-12-04 19:16:17,3959,971,414,84,1006,5
515,310702,515,2021-12-06 18:56:17,3940,1071,395,184,1110,5
516,310703,516,2021-12-06 19:31:17,3774,977,229,90,1092,5
517,310712,517,2021-12-06 20:31:17,3695,1087,150,200,1330,5
518,310720,518,2021-12-06 21:51:17,3685,1091,140,204,1258,5
519,310724,519,2021-12-07 18:16:17,3201,686,73,51,699,1
520,310734,520,2021-12-07 18:46:17,3313,700,185,65,739,1
521,310745,521,2021-12-07 18:56:17,3198,673,70,38,772,1
522,310757,522,2021-12-07 19:06:17,3290,646,162,11,665,1
523,310832,523,2021-12-07 20:11:17,3414,638,286,3,820,1
524,310877,524,2021-12-07 21:00:31,3234,739,70,82,790,2
525,310966,525,2021-12-08 20:10:32,3417,951,253,41,1278,3
526,310969,526,2021-12-08 20:16:17,3355,761,227,126,1236,1
527,310977,527,2021-12-08 20:21:17,3824,1015,279,128,1124,5
528,311058,528,2021-12-10 18:10:32,3290,711,126,54,649,2
529,311114,529,2021-12-10 19:51:17,3673,1082,128,195,1448,5
530,311124,530,2021-12-10 20:01:17,3765,977,220,90,875,5
531,311177,531,2021-12-10 20:50:32,3370,789,206,132,753,2
532,311183,532,2021-12-10 20:56:17,3224,732,96,97,761,1
533,311263,533,2021-12-10 23:00:32,3303,786,139,129,1133,2
534,311269,534,2021-12-11 20:20:32,3483,1002,319,92,1282,3
535,311340,535,2021-12-12 01:30:32,3242,705,78,48,8191,2
536,311341,536,2021-12-12 17:50:32,3543,997,379,87,718,3
537,311344,537,2021-12-12 21:36:17,3756,1122,211,235,1429,5
538,311510,538,2021-12-19 20:01:17,3676,1073,131,186,1699,5
539,311512,539,2021-12-19 20:01:17,3686,1093,141,206,1694,5
540,311555,540,2021-12-21 19:16:17,3377,847,249,212,848,1
541,311557,541,2021-12-21 19:21:17,3469,683,341,48,620,1
542,311655,542,2021-12-23 19:21:17,3780,1115,235,228,1185,5
543,311669,543,2021-12-24 20:21:17,3962,1138,417,251,1592,5
544,311671,544,2021-12-24 21:00:32,3569,859,405,202,587,2
545,311672,545,2021-12-25 20:50:32,3568,836,404,179,611,2
546,311676,546,2021-12-25 21:10:31,3572,826,408,169,586,2
547,311680,547,2021-12-26 15:36:17,3957,1031,412,144,654,5
548,311681,548,2021-12-28 20:56:17,3678,1086,133,199,1351,5
549,311697,549,2021-12-29 17:06:17,3692,1078,147,191,991,5
550,311699,550,2021-12-29 20:06:17,3649,1050,104,163,1222,5
551,311700,551,2021-12-29 20:06:17,3653,1064,108,177,1024,5
552,311701,552,2021-12-29 20:06:17,3672,1078,127,191,1186,5
553,311705,553,2022-01-03 21:31:17,3686,1092,141,205,1353,5
554,311718,554,2022-01-04 20:20:32,3411,710,247,53,573,2
555,311722,555,2022-01-04 21:00:32,3419,730,255,73,610,2
556,311728,556,2022-01-04 21:40:31,3495,737,331,80,566,2
557,311734,557,2022-01-05 19:46:17,3366,697,238,62,578,1
558,311735,558,2022-01-05 19:46:17,3752,974,207,87,738,5
559,311736,559,2022-01-05 19:56:17,3424,709,296,74,551,1
560,311749,560,2022-01-05 20:36:17,3415,718,287,83,577,1
561,311752,561,2022-01-05 20:40:32,3543,785,379,128,572,2
562,311754,562,2022-01-05 20:41:17,3283,649,155,14,575,1
563,311758,563,2022-01-05 20:46:17,3455,731,327,96,570,1
564,311759,564,2022-01-05 20:46:17,3891,1037,346,150,692,5
565,311774,565,2022-01-05 22:01:17,3757,1127,212,240,1407,5
566,311778,566,2022-01-05 22:10:31,3568,740,404,83,525,2
567,311785,567,2022-01-06 19:06:17,3782,1140,237,253,1190,5
568,311786,568,2022-01-06 19:56:17,3672,1074,127,187,1192,5
569,311793,569,2022-01-06 20:21:17,3480,745,352,110,571,1
570,311803,570,2022-01-06 20:46:17,3459,705,331,70,571,1
571,311807,571,2022-01-06 20:50:32,3534,734,370,77,549,2
572,311808,572,2022-01-06 20:50:32,3561,732,397,75,560,2
573,311810,573,2022-01-06 20:50:32,3576,719,412,62,545,2
574,311835,574,2022-01-06 21:20:31,3583,727,419,70,548,2
575,311845,575,2022-01-06 21:30:31,3592,730,428,73,558,2
576,311847,576,2022-01-06 21:31:17,3756,1121,211,234,1288,5
577,311910,577,2022-01-07 20:06:17,3589,1084,44,197,756,5
578,311913,578,2022-01-07 20:10:32,3589,1097,425,187,765,3
579,311916,579,2022-01-07 20:10:32,3596,1100,432,190,762,3
580,311929,580,2022-01-07 20:16:17,3602,1100,57,213,763,5
581,311949,581,2022-01-07 20:21:17,3490,1016,362,129,706,4
582,311969,582,2022-01-07 20:26:17,3583,1085,38,198,759,5
583,311987,583,2022-01-07 20:26:17,3605,1113,60,226,766,5
584,312016,584,2022-01-07 20:30:32,3509,1019,345,109,750,3
585,312140,585,2022-01-08 17:16:17,3943,938,398,51,568,5
586,312141,586,2022-01-08 17:21:17,3934,963,389,76,593,5
587,312143,587,2022-01-08 17:31:17,3888,1027,343,140,613,5
588,312146,588,2022-01-08 17:51:17,3917,983,372,96,587,5
589,312148,589,2022-01-08 21:31:17,3644,1064,99,177,1064,5
590,312149,590,2022-01-09 19:16:17,3650,1054,105,167,1020,5
591,312151,591,2022-01-09 19:36:17,3654,1069,109,182,1214,5
592,312181,592,2022-01-10 20:40:32,3312,784,148,127,748,2
593,312216,593,2022-01-10 23:10:31,3324,696,160,39,787,2
594,312260,594,2022-01-11 19:16:17,3415,854,287,219,664,1
595,312441,595,2022-01-14 20:36:17,3491,1052,363,165,695,4
596,312444,596,2022-01-14 21:16:17,3477,1043,349,156,700,4
597,312446,597,2022-01-15 20:50:32,3210,984,46,74,773,3
598,312448,598,2022-01-15 20:56:17,3207,974,79,87,720,4
599,312460,599,2022-01-16 21:00:32,3245,967,81,57,663,3
600,312493,600,2022-01-16 21:10:32,3320,968,156,58,697,3
601,312529,601,2022-01-17 18:30:32,3278,719,114,62,724,2
602,312533,602,2022-01-17 20:30:32,3570,668,406,11,562,2
603,312663,603,2022-01-17 20:40:32,3592,674,428,17,580,2
604,312877,604,2022-01-18 19:46:17,3649,1051,104,164,1358,5
605,312878,605,2022-01-18 19:46:17,3685,1093,140,206,1440,5
606,312904,606,2022-01-18 20:20:32,3374,1022,210,112,648,3
607,312910,607,2022-01-18 20:26:17,3370,1016,242,129,650,4
608,313008,608,2022-01-18 20:30:32,3374,1009,210,99,662,3
609,313086,609,2022-01-19 18:01:17,3946,961,401,74,716,5
610,313091,610,2022-01-19 18:36:17,3472,679,344,44,737,1
611,313122,611,2022-01-19 20:10:32,3424,1022,260,112,666,3
612,313123,612,2022-01-19 20:10:32,3425,1014,261,104,669,3
613,313305,613,2022-01-20 18:00:32,3265,710,101,53,624,2
614,313307,614,2022-01-20 18:16:17,3772,970,227,83,713,5
615,313324,615,2022-01-20 20:10:32,3380,1102,216,192,694,3
616,313418,616,2022-01-20 20:20:32,3426,1124,262,214,730,3
617,313424,617,2022-01-20 20:20:32,3484,1152,320,242,738,3
618,313545,618,2022-01-20 20:50:32,3294,1057,130,147,699,3
619,313547,619,2022-01-20 20:50:32,3301,1050,137,140,696,3
620,313549,620,2022-01-20 20:50:32,3311,1056,147,146,692,3
621,313553,621,2022-01-20 20:50:32,3316,1160,152,250,766,3
622,313555,622,2022-01-20 20:50:32,3330,1116,166,206,716,3
623,313562,623,2022-01-20 20:50:32,3338,1095,174,185,764,3
624,313563,624,2022-01-20 20:50:32,3340,1142,176,232,751,3
625,313570,625,2022-01-21 20:26:17,3559,1102,14,215,717,5
626,313571,626,2022-01-21 20:30:32,3470,1134,306,224,733,3
627,313572,627,2022-01-21 20:30:32,3548,1083,384,173,716,3
628,313576,628,2022-01-21 20:30:32,3557,1081,393,171,725,3
629,313673,629,2022-01-21 20:36:17,3456,1132,328,245,736,4
630,313674,630,2022-01-21 20:36:17,3464,1134,336,247,729,4
631,313676,631,2022-01-21 20:36:17,3496,1091,368,204,742,4
632,313756,632,2022-01-21 21:01:17,3395,1051,267,164,733,4
633,313767,633,2022-01-21 21:01:17,3542,1124,414,237,742,4
634,313771,634,2022-01-22 03:30:33,3352,912,188,2,649,3
635,313865,635,2022-01-22 16:26:17,3386,1091,258,204,849,4
636,313913,636,2022-01-23 20:06:17,3311,793,183,158,1710,1
637,313915,637,2022-01-23 20:06:17,3649,1071,104,184,1690,5
638,313927,638,2022-01-23 21:11:17,3273,694,145,59,698,1
639,313934,639,2022-01-23 23:41:17,3875,1071,330,184,1441,5
640,313984,640,2022-01-24 20:31:17,3811,1078,266,191,1223,5
641,313987,641,2022-01-24 21:16:17,3613,1062,68,175,759,5
642,313988,642,2022-01-24 21:30:31,3310,705,146,48,880,2
643,314039,643,2022-01-25 19:56:17,3368,690,240,55,888,1
644,314043,644,2022-01-25 20:20:32,3572,1097,408,187,756,3
645,314059,645,2022-01-25 20:26:17,3197,670,69,35,789,1
646,314061,646,2022-01-25 20:26:17,3583,1136,38,249,751,5
647,314066,647,2022-01-25 20:30:32,3599,1120,435,210,750,3
648,314076,648,2022-01-25 20:36:17,3246,940,118,53,723,4
649,314077,649,2022-01-25 20:36:17,3252,942,124,55,716,4
650,314079,650,2022-01-25 20:36:17,3255,934,127,47,721,4
651,314081,651,2022-01-25 20:36:17,3258,948,130,61,716,4
652,314083,652,2022-01-25 20:36:17,3269,932,141,45,726,4
653,314084,653,2022-01-25 20:36:17,3602,1136,57,249,767,5
654,314092,654,2022-01-25 20:40:32,3239,936,75,26,724,3
655,314311,655,2022-01-25 20:40:32,3257,916,93,6,736,3
656,314331,656,2022-01-25 21:10:32,3277,760,113,103,886,2
657,314332,657,2022-01-25 21:10:32,3211,921,47,11,739,3
658,314333,658,2022-01-25 21:10:32,3213,928,49,18,734,3
659,314340,659,2022-01-26 17:56:17,3820,1019,275,132,666,5
660,314344,660,2022-01-26 18:46:17,3310,783,182,148,921,1
661,314389,661,2022-01-26 19:50:32,3354,723,190,66,860,2
662,314395,662,2022-01-26 19:56:17,3840,901,295,14,1150,5
663,314417,663,2022-01-26 20:16:17,3311,802,183,167,886,1
664,314463,664,2022-01-27 19:06:17,3454,890,326,3,792,4
665,314496,665,2022-01-27 19:56:17,3694,1086,149,199,1666,5
666,314514,666,2022-01-27 20:06:17,3651,1063,106,176,1699,5
667,314573,667,2022-01-27 20:26:17,3860,1061,315,174,1029,5
668,314586,668,2022-01-28 18:36:17,3663,1076,118,189,1182,5
669,314589,669,2022-01-28 19:51:17,3458,1132,330,245,1137,4
670,314590,670,2022-01-28 19:51:17,3462,972,334,85,2226,4
671,314599,671,2022-01-29 16:46:17,3875,1129,330,242,799,5
672,314611,672,2022-01-29 21:11:17,3208,639,80,4,703,1
673,314632,673,2022-01-30 04:50:31,3296,790,132,133,8190,2
674,314634,674,2022-01-30 20:30:32,3296,977,132,67,746,3
675,314636,675,2022-01-30 20:26:17,3228,929,100,42,723,4
676,314740,676,2022-01-30 20:26:17,3243,951,115,64,721,4
677,314743,677,2022-01-30 20:26:17,3262,959,134,72,730,4
678,314854,678,2022-01-30 20:26:17,3275,950,147,63,729,4
679,314855,679,2022-01-30 20:26:17,3287,958,159,71,734,4
680,314859,680,2022-01-31 14:16:17,3901,1070,356,183,735,5
681,314865,681,2022-01-31 18:46:17,3378,846,250,211,706,1
682,314878,682,2022-01-31 21:30:31,3282,1144,118,234,748,3
683,314879,683,2022-01-31 21:41:17,3462,866,334,231,589,1
684,314884,684,2022-02-01 18:06:17,3311,636,183,1,796,1
685,314915,685,2022-02-01 19:56:17,3613,1062,68,175,779,5
686,314932,686,2022-02-01 20:40:32,3460,996,296,86,686,3
687,314950,687,2022-02-01 20:46:17,3507,1091,379,204,748,4
688,314969,688,2022-02-01 21:00:32,3514,1066,350,156,724,3
689,314982,689,2022-02-01 20:56:17,3522,1094,394,207,763,4
690,314997,690,2022-02-01 21:01:17,3516,1042,388,155,742,4
691,315041,691,2022-02-02 19:16:17,3687,1085,142,198,1690,5
692,315050,692,2022-02-02 20:11:17,3864,1022,319,135,621,5
693,315053,693,2022-02-02 20:40:32,3512,710,348,53,586,2
694,315138,694,2022-02-03 19:01:17,3306,775,178,140,777,1
695,315167,695,2022-02-03 19:50:32,3419,857,255,200,771,2
696,315192,696,2022-02-03 20:26:17,3653,1055,108,168,2654,5
697,315204,697,2022-02-03 20:50:32,3614,705,450,48,621,2
698,315223,698,2022-02-04 13:41:17,3684,1078,139,191,740,5
699,315239,699,2022-02-04 15:50:32,3333,802,169,145,1234,2
700,315328,700,2022-02-04 19:56:17,3371,728,243,93,930,1
701,315323,701,2022-02-04 20:30:32,3596,683,432,26,568,2
702,315332,702,2022-02-04 20:40:32,3587,672,423,15,538,2
703,315334,703,2022-02-04 20:40:32,3589,679,425,22,562,2
704,315414,704,2022-02-05 19:51:17,3650,1075,105,188,1197,5
705,315426,705,2022-02-05 20:16:17,3647,1061,102,174,918,5
706,315431,706,2022-02-05 20:40:32,3181,1160,17,250,796,3
707,315432,707,2022-02-05 20:40:32,3199,1155,35,245,801,3
708,315436,708,2022-02-05 20:40:32,3210,1163,46,253,777,3
709,315440,709,2022-02-05 20:50:32,3187,1163,23,253,793,3
710,315441,710,2022-02-05 20:50:32,3209,1155,45,245,771,3
711,315446,711,2022-02-05 21:01:17,3294,802,166,167,874,1
712,315477,712,2022-02-05 21:26:17,3321,798,193,163,1075,1
713,315519,713,2022-02-06 20:20:32,3167,752,3,95,697,2
714,315520,714,2022-02-06 20:20:32,3283,835,119,178,691,2
715,315525,715,2022-02-06 20:20:32,3609,670,445,13,589,2
716,315530,716,2022-02-06 20:21:17,3273,832,145,197,692,1
717,315536,717,2022-02-06 20:26:17,3188,768,60,133,718,1
718,315547,718,2022-02-06 20:26:17,3205,770,77,135,708,1
719,315558,719,2022-02-06 20:26:17,3209,781,81,146,709,1
720,315560,720,2022-02-06 20:26:17,3222,789,94,154,700,1
721,315562,721,2022-02-06 20:26:17,3231,774,103,139,698,1
722,315591,722,2022-02-06 20:26:17,3244,793,116,158,698,1
723,315594,723,2022-02-06 20:26:17,3255,843,127,208,713,1
724,315600,724,2022-02-06 20:26:17,3263,820,135,185,695,1
725,315752,725,2022-02-06 20:30:32,3167,773,3,116,728,2
726,315802,726,2022-02-06 20:30:32,3177,777,13,120,730,2
727,315820,727,2022-02-06 20:30:32,3179,766,15,109,720,2
728,315826,728,2022-02-07 18:41:17,3724,1069,179,182,1425,5
729,315828,729,2022-02-07 19:10:32,3345,697,181,40,710,2
730,315840,730,2022-02-07 19:50:32,3379,940,215,30,683,3
731,315910,731,2022-02-07 19:51:17,3313,784,185,149,842,1
732,315924,732,2022-02-07 19:56:17,3373,936,245,49,680,4
733,315861,733,2022-02-07 20:00:32,3374,972,210,62,702,3
734,315932,734,2022-02-07 20:10:32,3318,940,154,30,727,3
735,315939,735,2022-02-07 20:10:32,3321,954,157,44,724,3
736,315994,736,2022-02-07 21:10:32,3268,722,104,65,869,2
737,315998,737,2022-02-08 01:21:17,3877,1073,332,186,643,5
738,316000,738,2022-02-08 19:36:17,3308,1076,180,189,768,4
739,316001,739,2022-02-08 19:36:17,3350,1120,222,233,792,4
740,316002,740,2022-02-08 19:36:17,3356,1118,228,231,788,4
741,316037,741,2022-02-08 19:46:17,3295,1074,167,187,776,4
742,316044,742,2022-02-08 19:46:17,3325,1092,197,205,799,4
743,316069,743,2022-02-08 19:50:32,3316,1093,152,183,793,3
744,316130,744,2022-02-08 19:51:17,3299,1064,171,177,757,4
745,316190,745,2022-02-08 20:10:32,3312,1064,148,154,825,3
746,316210,746,2022-02-09 13:20:32,3196,672,32,15,737,2
747,316227,747,2022-02-09 18:41:17,3829,1121,284,234,1248,5
748,316250,748,2022-02-09 19:11:17,3860,1085,315,198,950,5
749,316279,749,2022-02-09 19:51:17,3682,1022,137,135,997,5
750,316285,750,2022-02-09 19:56:17,3398,670,270,35,926,1
751,316359,751,2022-02-09 20:40:32,3495,696,331,39,590,2
752,316375,752,2022-02-09 21:30:31,3413,852,249,195,912,2
753,316416,753,2022-02-10 13:00:32,3549,1031,385,121,1313,3
754,316538,754,2022-02-10 19:16:17,3941,980,396,93,654,5
755,316573,755,2022-02-11 17:30:32,3307,829,143,172,764,2
756,316588,756,2022-02-11 18:51:17,3935,983,390,96,629,5
757,316592,757,2022-02-11 18:56:17,3925,986,380,99,662,5
758,316614,758,2022-02-11 19:16:17,3942,943,397,56,623,5
759,316615,759,2022-02-11 19:16:17,3952,907,407,20,631,5
760,316619,760,2022-02-11 19:21:17,3923,961,378,74,657,5
761,316788,761,2022-02-11 20:30:32,3560,676,396,19,578,2
762,316798,762,2022-02-11 23:00:31,3616,1030,452,120,1469,3
763,316837,763,2022-02-12 20:01:17,3614,988,69,101,1084,5
764,316838,764,2022-02-12 20:06:17,3322,781,194,146,894,1
765,316839,765,2022-02-12 20:06:17,3517,932,389,45,1018,4
766,316840,766,2022-02-12 20:06:17,3606,989,61,102,1127,5
767,316842,767,2022-02-12 20:06:17,3607,982,62,95,1076,5
768,316894,768,2022-02-12 20:20:32,3339,1009,175,99,763,3
769,316924,769,2022-02-12 20:20:32,3356,1006,192,96,756,3
770,316926,770,2022-02-12 20:20:32,3365,1028,201,118,755,3
771,316928,771,2022-02-12 20:20:32,3373,1038,209,128,768,3
772,316931,772,2022-02-12 20:20:32,3383,1043,219,133,753,3
773,317005,773,2022-02-12 20:16:17,3572,920,27,33,1041,5
774,317116,774,2022-02-12 23:00:31,3215,756,51,99,832,2
775,317117,775,2022-02-12 23:01:17,3211,636,83,1,772,1
776,317127,776,2022-02-12 23:10:31,3415,685,251,28,1216,2
777,317134,777,2022-02-13 19:50:32,3318,807,154,150,1433,2
778,317145,778,2022-02-13 20:00:32,3284,1156,120,246,801,3
779,317146,779,2022-02-13 20:00:32,3293,1157,129,247,801,3
780,317165,780,2022-02-13 20:00:32,3315,1158,151,248,799,3
781,317167,781,2022-02-13 20:00:32,3437,1153,273,243,728,3
782,317285,782,2022-02-13 20:06:17,3140,695,12,60,708,1
783,317286,783,2022-02-13 20:06:17,3167,728,39,93,700,1
784,317288,784,2022-02-13 20:06:17,3169,659,41,24,697,1
785,317291,785,2022-02-13 20:06:17,3316,1139,188,252,803,4
786,317293,786,2022-02-13 20:06:17,3319,1133,191,246,806,4
787,317301,787,2022-02-13 20:06:17,3324,1107,196,220,786,4
788,317302,788,2022-02-13 20:06:17,3330,1114,202,227,782,4
789,317303,789,2022-02-13 20:06:17,3337,1113,209,226,786,4
790,317322,790,2022-02-13 20:06:17,3348,1111,220,224,782,4
791,317339,791,2022-02-13 20:06:17,3372,1112,244,225,779,4
792,317345,792,2022-02-13 20:06:17,3388,1061,260,174,748,4
793,317362,793,2022-02-13 20:06:17,3400,1071,272,184,734,4
794,317385,794,2022-02-13 20:10:32,3171,673,7,16,689,2
795,317400,795,2022-02-14 18:06:17,3609,1066,64,179,940,5
796,317420,796,2022-02-14 18:41:17,3713,1072,168,185,1579,5
797,317430,797,2022-02-14 19:21:17,3330,830,202,195,979,1
798,317433,798,2022-02-14 19:36:17,3505,708,377,73,577,1
799,317443,799,2022-02-14 19:46:17,3546,1110,1,223,747,5
800,317444,800,2022-02-14 19:46:17,3547,1104,2,217,747,5
801,317452,801,2022-02-14 19:46:17,3550,1125,5,238,746,5
802,317462,802,2022-02-14 19:50:32,3418,998,254,88,730,3
803,317463,803,2022-02-14 19:50:32,3524,1093,360,183,746,3
804,317466,804,2022-02-14 19:50:32,3524,1106,360,196,738,3
805,317469,805,2022-02-14 19:50:32,3527,1078,363,168,750,3
806,317490,806,2022-02-14 19:50:32,3534,1113,370,203,741,3
807,317493,807,2022-02-14 19:50:32,3536,1072,372,162,756,3
808,317499,808,2022-02-14 19:50:32,3537,1101,373,191,747,3
809,317781,809,2022-02-15 00:06:17,3467,903,339,16,1045,4
810,317830,810,2022-02-15 21:00:29,3543,679,379,22,625,2
811,317831,811,2022-02-15 21:00:29,3544,705,380,48,597,2
812,317847,812,2022-02-15 21:00:29,3564,704,400,47,605,2
813,317862,813,2022-02-16 17:16:17,3452,889,324,2,851,4
814,317872,814,2022-02-16 17:41:17,3678,1036,133,149,1302,5
815,317909,815,2022-02-16 19:31:17,3328,714,200,79,842,1
816,317911,816,2022-02-16 19:31:17,3647,1067,102,180,1131,5
817,317918,817,2022-02-16 19:56:17,3396,868,268,233,825,1
818,317933,818,2022-02-16 20:11:17,3390,877,262,242,1093,1
819,317950,819,2022-02-16 20:21:17,3683,1016,138,129,1375,5
820,317971,820,2022-02-16 20:40:31,3358,743,194,86,631,2
821,317975,821,2022-02-16 20:40:31,3484,879,320,222,1580,2
822,318029,822,2022-02-16 20:51:17,3494,805,366,170,599,1
823,318081,823,2022-02-16 21:16:17,3649,1073,104,186,1447,5
824,318095,824,2022-02-17 00:00:31,3432,874,268,217,1229,2
825,318252,825,2022-02-17 19:10:32,3421,861,257,204,891,2
826,318258,826,2022-02-17 20:00:32,3267,766,103,109,1044,2
827,318262,827,2022-02-17 20:00:32,3494,676,330,19,1676,2
828,318311,828,2022-02-18 19:50:32,3316,801,152,144,794,2
829,318338,829,2022-02-18 20:20:32,3193,699,29,42,694,2
830,318339,830,2022-02-18 20:20:32,3193,760,29,103,697,2
831,318373,831,2022-02-18 20:20:32,3210,722,46,65,690,2
832,318456,832,2022-02-18 20:20:32,3166,1163,2,253,817,3
833,318457,833,2022-02-18 20:20:32,3196,1144,32,234,823,3
834,318458,834,2022-02-18 20:20:32,3206,1133,42,223,815,3
835,318470,835,2022-02-18 20:26:17,3187,761,59,126,714,1
836,318640,836,2022-02-19 18:56:17,3687,1090,142,203,1751,5
837,318653,837,2022-02-19 20:16:17,3241,790,113,155,717,1
838,318659,838,2022-02-19 20:20:32,3217,776,53,119,727,2
839,318660,839,2022-02-19 20:20:32,3218,787,54,130,737,2
840,318692,840,2022-02-19 20:20:32,3229,774,65,117,711,2
841,318701,841,2022-02-19 20:20:32,3231,791,67,134,713,2
842,318707,842,2022-02-19 20:20:32,3235,784,71,127,713,2
843,318921,843,2022-02-20 19:36:17,3484,1030,356,143,731,4
844,319080,844,2022-02-20 19:50:32,3461,1055,297,145,762,3
845,319198,845,2022-02-20 19:50:32,3496,1044,332,134,747,3
846,319199,846,2022-02-20 19:50:32,3501,1027,337,117,741,3
847,319203,847,2022-02-21 19:11:17,3421,890,293,3,973,4
848,319207,848,2022-02-21 20:16:17,3480,896,352,9,613,4
849,319209,849,2022-02-21 20:20:32,3455,873,291,216,624,2
850,319212,850,2022-02-21 20:20:32,3486,899,322,242,631,2
851,319213,851,2022-02-21 20:21:17,3444,864,316,229,610,1
852,319221,852,2022-02-21 20:26:17,3441,855,313,220,626,1
853,319232,853,2022-02-21 20:26:17,3465,879,337,244,608,1
854,319266,854,2022-02-21 20:30:32,3599,1153,435,243,799,3
855,319294,855,2022-02-21 20:31:17,3466,885,338,250,608,1
856,319300,856,2022-02-21 20:31:17,3632,1135,87,248,781,5
857,319334,857,2022-02-21 20:36:17,3869,1036,324,149,747,5
